<?xml version="1.0" encoding="ISO-8859-1" ?>
<link_info>
   <banner>TI ARM Linker Unix v20.2.7.LTS</banner>
   <copyright>Copyright (c) 1996-2018 Texas Instruments Incorporated</copyright>
   <link_time>0x65c8f31f</link_time>
   <link_errors>0x0</link_errors>
   <output_file>Lab2Part1_TivaC.out</output_file>
   <entry_point>
      <name>_c_int00_noinit_noargs</name>
      <address>0x2f5</address>
   </entry_point>
   <input_file_list>
      <input_file id="fl-1">
         <path>./</path>
         <kind>object</kind>
         <file>PLL.obj</file>
         <name>PLL.obj</name>
      </input_file>
      <input_file id="fl-2">
         <path>./</path>
         <kind>object</kind>
         <file>SysTick.obj</file>
         <name>SysTick.obj</name>
      </input_file>
      <input_file id="fl-3">
         <path>./</path>
         <kind>object</kind>
         <file>main.obj</file>
         <name>main.obj</name>
      </input_file>
      <input_file id="fl-4">
         <path>./</path>
         <kind>object</kind>
         <file>tm4c123gh6pm_startup_ccs.obj</file>
         <name>tm4c123gh6pm_startup_ccs.obj</name>
      </input_file>
      <input_file id="fl-8">
         <kind>object</kind>
         <file>&lt;internal&gt;</file>
         <name>&lt;internal&gt;</name>
      </input_file>
      <input_file id="fl-be">
         <path>/Applications/ti/ccs1230/ccs/tools/compiler/ti-cgt-arm_20.2.7.LTS/lib/</path>
         <kind>archive</kind>
         <file>rtsv7M4_T_le_v4SPD16_eabi.lib</file>
         <name>copy_zero_init.c.obj</name>
      </input_file>
      <input_file id="fl-bf">
         <path>/Applications/ti/ccs1230/ccs/tools/compiler/ti-cgt-arm_20.2.7.LTS/lib/</path>
         <kind>archive</kind>
         <file>rtsv7M4_T_le_v4SPD16_eabi.lib</file>
         <name>copy_decompress_none.c.obj</name>
      </input_file>
      <input_file id="fl-c0">
         <path>/Applications/ti/ccs1230/ccs/tools/compiler/ti-cgt-arm_20.2.7.LTS/lib/</path>
         <kind>archive</kind>
         <file>rtsv7M4_T_le_v4SPD16_eabi.lib</file>
         <name>copy_decompress_lzss.c.obj</name>
      </input_file>
      <input_file id="fl-c1">
         <path>/Applications/ti/ccs1230/ccs/tools/compiler/ti-cgt-arm_20.2.7.LTS/lib/</path>
         <kind>archive</kind>
         <file>rtsv7M4_T_le_v4SPD16_eabi.lib</file>
         <name>boot_cortex_m.c.obj</name>
      </input_file>
      <input_file id="fl-c2">
         <path>/Applications/ti/ccs1230/ccs/tools/compiler/ti-cgt-arm_20.2.7.LTS/lib/</path>
         <kind>archive</kind>
         <file>rtsv7M4_T_le_v4SPD16_eabi.lib</file>
         <name>memcpy_t2.asm.obj</name>
      </input_file>
      <input_file id="fl-c3">
         <path>/Applications/ti/ccs1230/ccs/tools/compiler/ti-cgt-arm_20.2.7.LTS/lib/</path>
         <kind>archive</kind>
         <file>rtsv7M4_T_le_v4SPD16_eabi.lib</file>
         <name>memset_t2.asm.obj</name>
      </input_file>
      <input_file id="fl-c4">
         <path>/Applications/ti/ccs1230/ccs/tools/compiler/ti-cgt-arm_20.2.7.LTS/lib/</path>
         <kind>archive</kind>
         <file>rtsv7M4_T_le_v4SPD16_eabi.lib</file>
         <name>autoinit.c.obj</name>
      </input_file>
      <input_file id="fl-c5">
         <path>/Applications/ti/ccs1230/ccs/tools/compiler/ti-cgt-arm_20.2.7.LTS/lib/</path>
         <kind>archive</kind>
         <file>rtsv7M4_T_le_v4SPD16_eabi.lib</file>
         <name>pre_init.c.obj</name>
      </input_file>
      <input_file id="fl-c6">
         <path>/Applications/ti/ccs1230/ccs/tools/compiler/ti-cgt-arm_20.2.7.LTS/lib/</path>
         <kind>archive</kind>
         <file>rtsv7M4_T_le_v4SPD16_eabi.lib</file>
         <name>cpy_tbl.c.obj</name>
      </input_file>
      <input_file id="fl-c7">
         <path>/Applications/ti/ccs1230/ccs/tools/compiler/ti-cgt-arm_20.2.7.LTS/lib/</path>
         <kind>archive</kind>
         <file>rtsv7M4_T_le_v4SPD16_eabi.lib</file>
         <name>exit.c.obj</name>
      </input_file>
      <input_file id="fl-c8">
         <path>/Applications/ti/ccs1230/ccs/tools/compiler/ti-cgt-arm_20.2.7.LTS/lib/</path>
         <kind>archive</kind>
         <file>rtsv7M4_T_le_v4SPD16_eabi.lib</file>
         <name>_lock.c.obj</name>
      </input_file>
      <input_file id="fl-c9">
         <path>/Applications/ti/ccs1230/ccs/tools/compiler/ti-cgt-arm_20.2.7.LTS/lib/</path>
         <kind>archive</kind>
         <file>rtsv7M4_T_le_v4SPD16_eabi.lib</file>
         <name>args_main.c.obj</name>
      </input_file>
   </input_file_list>
   <object_component_list>
      <object_component id="oc-12">
         <name>.intvecs</name>
         <load_address>0x0</load_address>
         <run_address>0x0</run_address>
         <size>0x26c</size>
         <input_file_ref idref="fl-4"/>
      </object_component>
      <object_component id="oc-c3">
         <name>.text</name>
         <load_address>0x26c</load_address>
         <run_address>0x26c</run_address>
         <size>0x88</size>
         <input_file_ref idref="fl-1"/>
      </object_component>
      <object_component id="oc-53">
         <name>.text:_c_int00_noinit_noargs:_c_int00_noinit_noargs</name>
         <load_address>0x2f4</load_address>
         <run_address>0x2f4</run_address>
         <size>0x2c</size>
         <input_file_ref idref="fl-c1"/>
      </object_component>
      <object_component id="oc-27">
         <name>.text</name>
         <load_address>0x320</load_address>
         <run_address>0x320</run_address>
         <size>0xc</size>
         <input_file_ref idref="fl-4"/>
      </object_component>
      <object_component id="oc-9b">
         <name>.text</name>
         <load_address>0x32c</load_address>
         <run_address>0x32c</run_address>
         <size>0xa</size>
         <input_file_ref idref="fl-3"/>
      </object_component>
      <object_component id="oc-95">
         <name>.text:_system_pre_init</name>
         <load_address>0x336</load_address>
         <run_address>0x336</run_address>
         <size>0x4</size>
         <input_file_ref idref="fl-c5"/>
      </object_component>
      <object_component id="oc-ca">
         <name>.text:abort:abort</name>
         <load_address>0x33a</load_address>
         <run_address>0x33a</run_address>
         <size>0x4</size>
         <input_file_ref idref="fl-c7"/>
      </object_component>
      <object_component id="oc-24">
         <name>.stack</name>
         <uninitialized>true</uninitialized>
         <run_address>0x20000000</run_address>
         <size>0x4</size>
         <input_file_ref idref="fl-c1"/>
      </object_component>
      <object_component id="oc-186">
         <name>.stack</name>
         <uninitialized>true</uninitialized>
         <run_address>0x20000000</run_address>
         <size>0x0</size>
      </object_component>
      <object_component id="oc-b2">
         <name>.debug_info</name>
         <load_address>0x0</load_address>
         <run_address>0x0</run_address>
         <size>0x260</size>
         <input_file_ref idref="fl-1"/>
      </object_component>
      <object_component id="oc-c4">
         <name>.debug_info</name>
         <load_address>0x260</load_address>
         <run_address>0x260</run_address>
         <size>0x120</size>
         <input_file_ref idref="fl-1"/>
      </object_component>
      <object_component id="oc-70">
         <name>.debug_info</name>
         <load_address>0x380</load_address>
         <run_address>0x380</run_address>
         <size>0x26b</size>
         <input_file_ref idref="fl-1"/>
      </object_component>
      <object_component id="oc-36">
         <name>.debug_info</name>
         <load_address>0x5eb</load_address>
         <run_address>0x5eb</run_address>
         <size>0x84</size>
         <input_file_ref idref="fl-1"/>
      </object_component>
      <object_component id="oc-ad">
         <name>.debug_info</name>
         <load_address>0x66f</load_address>
         <run_address>0x66f</run_address>
         <size>0x2a4</size>
         <input_file_ref idref="fl-1"/>
      </object_component>
      <object_component id="oc-75">
         <name>.debug_info</name>
         <load_address>0x913</load_address>
         <run_address>0x913</run_address>
         <size>0xbb</size>
         <input_file_ref idref="fl-1"/>
      </object_component>
      <object_component id="oc-9c">
         <name>.debug_info</name>
         <load_address>0x9ce</load_address>
         <run_address>0x9ce</run_address>
         <size>0x107</size>
         <input_file_ref idref="fl-3"/>
      </object_component>
      <object_component id="oc-2f">
         <name>.debug_info</name>
         <load_address>0xad5</load_address>
         <run_address>0xad5</run_address>
         <size>0x2b3</size>
         <input_file_ref idref="fl-4"/>
      </object_component>
      <object_component id="oc-13">
         <name>.debug_info</name>
         <load_address>0xd88</load_address>
         <run_address>0xd88</run_address>
         <size>0xf2</size>
         <input_file_ref idref="fl-4"/>
      </object_component>
      <object_component id="oc-28">
         <name>.debug_info</name>
         <load_address>0xe7a</load_address>
         <run_address>0xe7a</run_address>
         <size>0x26e</size>
         <input_file_ref idref="fl-4"/>
      </object_component>
      <object_component id="oc-25">
         <name>.debug_info</name>
         <load_address>0x10e8</load_address>
         <run_address>0x10e8</run_address>
         <size>0x10b</size>
         <input_file_ref idref="fl-c1"/>
      </object_component>
      <object_component id="oc-54">
         <name>.debug_info</name>
         <load_address>0x11f3</load_address>
         <run_address>0x11f3</run_address>
         <size>0x1a2</size>
         <input_file_ref idref="fl-c1"/>
      </object_component>
      <object_component id="oc-96">
         <name>.debug_info</name>
         <load_address>0x1395</load_address>
         <run_address>0x1395</run_address>
         <size>0x153</size>
         <input_file_ref idref="fl-c5"/>
      </object_component>
      <object_component id="oc-cb">
         <name>.debug_info</name>
         <load_address>0x14e8</load_address>
         <run_address>0x14e8</run_address>
         <size>0x122</size>
         <input_file_ref idref="fl-c7"/>
      </object_component>
      <object_component id="oc-187">
         <name>.debug_info</name>
         <load_address>0x160a</load_address>
         <run_address>0x160a</run_address>
         <size>0xa5</size>
      </object_component>
      <object_component id="oc-109">
         <name>.debug_line</name>
         <load_address>0x0</load_address>
         <run_address>0x0</run_address>
         <size>0x20</size>
         <input_file_ref idref="fl-1"/>
      </object_component>
      <object_component id="oc-c7">
         <name>.debug_line</name>
         <load_address>0x20</load_address>
         <run_address>0x20</run_address>
         <size>0x52</size>
         <input_file_ref idref="fl-1"/>
      </object_component>
      <object_component id="oc-73">
         <name>.debug_line</name>
         <load_address>0x72</load_address>
         <run_address>0x72</run_address>
         <size>0x7a</size>
         <input_file_ref idref="fl-1"/>
      </object_component>
      <object_component id="oc-39">
         <name>.debug_line</name>
         <load_address>0xec</load_address>
         <run_address>0xec</run_address>
         <size>0x20</size>
         <input_file_ref idref="fl-1"/>
      </object_component>
      <object_component id="oc-b0">
         <name>.debug_line</name>
         <load_address>0x10c</load_address>
         <run_address>0x10c</run_address>
         <size>0x7e</size>
         <input_file_ref idref="fl-1"/>
      </object_component>
      <object_component id="oc-78">
         <name>.debug_line</name>
         <load_address>0x18a</load_address>
         <run_address>0x18a</run_address>
         <size>0x7b</size>
         <input_file_ref idref="fl-1"/>
      </object_component>
      <object_component id="oc-9f">
         <name>.debug_line</name>
         <load_address>0x205</load_address>
         <run_address>0x205</run_address>
         <size>0x42</size>
         <input_file_ref idref="fl-3"/>
      </object_component>
      <object_component id="oc-6f">
         <name>.debug_line</name>
         <load_address>0x247</load_address>
         <run_address>0x247</run_address>
         <size>0x41</size>
         <input_file_ref idref="fl-4"/>
      </object_component>
      <object_component id="oc-2e">
         <name>.debug_line</name>
         <load_address>0x288</load_address>
         <run_address>0x288</run_address>
         <size>0x41</size>
         <input_file_ref idref="fl-4"/>
      </object_component>
      <object_component id="oc-2b">
         <name>.debug_line</name>
         <load_address>0x2c9</load_address>
         <run_address>0x2c9</run_address>
         <size>0xa1</size>
         <input_file_ref idref="fl-4"/>
      </object_component>
      <object_component id="oc-6c">
         <name>.debug_line</name>
         <load_address>0x36a</load_address>
         <run_address>0x36a</run_address>
         <size>0x33</size>
         <input_file_ref idref="fl-c1"/>
      </object_component>
      <object_component id="oc-57">
         <name>.debug_line</name>
         <load_address>0x39d</load_address>
         <run_address>0x39d</run_address>
         <size>0x48</size>
         <input_file_ref idref="fl-c1"/>
      </object_component>
      <object_component id="oc-99">
         <name>.debug_line</name>
         <load_address>0x3e5</load_address>
         <run_address>0x3e5</run_address>
         <size>0x40</size>
         <input_file_ref idref="fl-c5"/>
      </object_component>
      <object_component id="oc-ce">
         <name>.debug_line</name>
         <load_address>0x425</load_address>
         <run_address>0x425</run_address>
         <size>0x3c</size>
         <input_file_ref idref="fl-c7"/>
      </object_component>
      <object_component id="oc-c8">
         <name>.debug_frame</name>
         <load_address>0x0</load_address>
         <run_address>0x0</run_address>
         <size>0x58</size>
         <input_file_ref idref="fl-1"/>
      </object_component>
      <object_component id="oc-a0">
         <name>.debug_frame</name>
         <load_address>0x58</load_address>
         <run_address>0x58</run_address>
         <size>0x58</size>
         <input_file_ref idref="fl-3"/>
      </object_component>
      <object_component id="oc-2c">
         <name>.debug_frame</name>
         <load_address>0xb0</load_address>
         <run_address>0xb0</run_address>
         <size>0x90</size>
         <input_file_ref idref="fl-4"/>
      </object_component>
      <object_component id="oc-58">
         <name>.debug_frame</name>
         <load_address>0x140</load_address>
         <run_address>0x140</run_address>
         <size>0x50</size>
         <input_file_ref idref="fl-c1"/>
      </object_component>
      <object_component id="oc-9a">
         <name>.debug_frame</name>
         <load_address>0x190</load_address>
         <run_address>0x190</run_address>
         <size>0x54</size>
         <input_file_ref idref="fl-c5"/>
      </object_component>
      <object_component id="oc-cf">
         <name>.debug_frame</name>
         <load_address>0x1e4</load_address>
         <run_address>0x1e4</run_address>
         <size>0x54</size>
         <input_file_ref idref="fl-c7"/>
      </object_component>
      <object_component id="oc-108">
         <name>.debug_abbrev</name>
         <load_address>0x0</load_address>
         <run_address>0x0</run_address>
         <size>0x27</size>
         <input_file_ref idref="fl-1"/>
      </object_component>
      <object_component id="oc-10a">
         <name>.debug_abbrev</name>
         <load_address>0x27</load_address>
         <run_address>0x27</run_address>
         <size>0x6c</size>
         <input_file_ref idref="fl-1"/>
      </object_component>
      <object_component id="oc-72">
         <name>.debug_abbrev</name>
         <load_address>0x93</load_address>
         <run_address>0x93</run_address>
         <size>0x69</size>
         <input_file_ref idref="fl-1"/>
      </object_component>
      <object_component id="oc-38">
         <name>.debug_abbrev</name>
         <load_address>0xfc</load_address>
         <run_address>0xfc</run_address>
         <size>0x1f</size>
         <input_file_ref idref="fl-1"/>
      </object_component>
      <object_component id="oc-af">
         <name>.debug_abbrev</name>
         <load_address>0x11b</load_address>
         <run_address>0x11b</run_address>
         <size>0x5c</size>
         <input_file_ref idref="fl-1"/>
      </object_component>
      <object_component id="oc-77">
         <name>.debug_abbrev</name>
         <load_address>0x177</load_address>
         <run_address>0x177</run_address>
         <size>0x24</size>
         <input_file_ref idref="fl-1"/>
      </object_component>
      <object_component id="oc-c9">
         <name>.debug_abbrev</name>
         <load_address>0x19b</load_address>
         <run_address>0x19b</run_address>
         <size>0x5e</size>
         <input_file_ref idref="fl-3"/>
      </object_component>
      <object_component id="oc-6e">
         <name>.debug_abbrev</name>
         <load_address>0x1f9</load_address>
         <run_address>0x1f9</run_address>
         <size>0x68</size>
         <input_file_ref idref="fl-4"/>
      </object_component>
      <object_component id="oc-2d">
         <name>.debug_abbrev</name>
         <load_address>0x261</load_address>
         <run_address>0x261</run_address>
         <size>0x29</size>
         <input_file_ref idref="fl-4"/>
      </object_component>
      <object_component id="oc-6d">
         <name>.debug_abbrev</name>
         <load_address>0x28a</load_address>
         <run_address>0x28a</run_address>
         <size>0x79</size>
         <input_file_ref idref="fl-4"/>
      </object_component>
      <object_component id="oc-6b">
         <name>.debug_abbrev</name>
         <load_address>0x303</load_address>
         <run_address>0x303</run_address>
         <size>0x29</size>
         <input_file_ref idref="fl-c1"/>
      </object_component>
      <object_component id="oc-a2">
         <name>.debug_abbrev</name>
         <load_address>0x32c</load_address>
         <run_address>0x32c</run_address>
         <size>0x55</size>
         <input_file_ref idref="fl-c1"/>
      </object_component>
      <object_component id="oc-c2">
         <name>.debug_abbrev</name>
         <load_address>0x381</load_address>
         <run_address>0x381</run_address>
         <size>0x55</size>
         <input_file_ref idref="fl-c5"/>
      </object_component>
      <object_component id="oc-10b">
         <name>.debug_abbrev</name>
         <load_address>0x3d6</load_address>
         <run_address>0x3d6</run_address>
         <size>0x45</size>
         <input_file_ref idref="fl-c7"/>
      </object_component>
      <object_component id="oc-188">
         <name>.debug_abbrev</name>
         <load_address>0x41b</load_address>
         <run_address>0x41b</run_address>
         <size>0xf</size>
      </object_component>
      <object_component id="oc-74">
         <name>.debug_str</name>
         <load_address>0x0</load_address>
         <run_address>0x0</run_address>
         <size>0x2c1</size>
         <input_file_ref idref="fl-1"/>
      </object_component>
      <object_component id="oc-3a">
         <name>.debug_str</name>
         <load_address>0x2c1</load_address>
         <run_address>0x2c1</run_address>
         <size>0xff</size>
         <input_file_ref idref="fl-1"/>
      </object_component>
      <object_component id="oc-b1">
         <name>.debug_str</name>
         <load_address>0x3c0</load_address>
         <run_address>0x3c0</run_address>
         <size>0x357</size>
         <input_file_ref idref="fl-1"/>
      </object_component>
      <object_component id="oc-79">
         <name>.debug_str</name>
         <load_address>0x717</load_address>
         <run_address>0x717</run_address>
         <size>0x159</size>
         <input_file_ref idref="fl-1"/>
      </object_component>
      <object_component id="oc-c5">
         <name>.debug_aranges</name>
         <load_address>0x0</load_address>
         <run_address>0x0</run_address>
         <size>0x20</size>
         <input_file_ref idref="fl-1"/>
      </object_component>
      <object_component id="oc-9d">
         <name>.debug_aranges</name>
         <load_address>0x20</load_address>
         <run_address>0x20</run_address>
         <size>0x20</size>
         <input_file_ref idref="fl-3"/>
      </object_component>
      <object_component id="oc-29">
         <name>.debug_aranges</name>
         <load_address>0x40</load_address>
         <run_address>0x40</run_address>
         <size>0x38</size>
         <input_file_ref idref="fl-4"/>
      </object_component>
      <object_component id="oc-55">
         <name>.debug_aranges</name>
         <load_address>0x78</load_address>
         <run_address>0x78</run_address>
         <size>0x20</size>
         <input_file_ref idref="fl-c1"/>
      </object_component>
      <object_component id="oc-97">
         <name>.debug_aranges</name>
         <load_address>0x98</load_address>
         <run_address>0x98</run_address>
         <size>0x20</size>
         <input_file_ref idref="fl-c5"/>
      </object_component>
      <object_component id="oc-cc">
         <name>.debug_aranges</name>
         <load_address>0xb8</load_address>
         <run_address>0xb8</run_address>
         <size>0x20</size>
         <input_file_ref idref="fl-c7"/>
      </object_component>
      <object_component id="oc-c6">
         <name>.debug_pubnames</name>
         <load_address>0x0</load_address>
         <run_address>0x0</run_address>
         <size>0x1f</size>
         <input_file_ref idref="fl-1"/>
      </object_component>
      <object_component id="oc-9e">
         <name>.debug_pubnames</name>
         <load_address>0x1f</load_address>
         <run_address>0x1f</run_address>
         <size>0x1b</size>
         <input_file_ref idref="fl-3"/>
      </object_component>
      <object_component id="oc-14">
         <name>.debug_pubnames</name>
         <load_address>0x3a</load_address>
         <run_address>0x3a</run_address>
         <size>0x23</size>
         <input_file_ref idref="fl-4"/>
      </object_component>
      <object_component id="oc-2a">
         <name>.debug_pubnames</name>
         <load_address>0x5d</load_address>
         <run_address>0x5d</run_address>
         <size>0x4c</size>
         <input_file_ref idref="fl-4"/>
      </object_component>
      <object_component id="oc-26">
         <name>.debug_pubnames</name>
         <load_address>0xa9</load_address>
         <run_address>0xa9</run_address>
         <size>0x1e</size>
         <input_file_ref idref="fl-c1"/>
      </object_component>
      <object_component id="oc-56">
         <name>.debug_pubnames</name>
         <load_address>0xc7</load_address>
         <run_address>0xc7</run_address>
         <size>0x2d</size>
         <input_file_ref idref="fl-c1"/>
      </object_component>
      <object_component id="oc-98">
         <name>.debug_pubnames</name>
         <load_address>0xf4</load_address>
         <run_address>0xf4</run_address>
         <size>0x27</size>
         <input_file_ref idref="fl-c5"/>
      </object_component>
      <object_component id="oc-cd">
         <name>.debug_pubnames</name>
         <load_address>0x11b</load_address>
         <run_address>0x11b</run_address>
         <size>0x1c</size>
         <input_file_ref idref="fl-c7"/>
      </object_component>
      <object_component id="oc-71">
         <name>.debug_pubtypes</name>
         <load_address>0x0</load_address>
         <run_address>0x0</run_address>
         <size>0x25c</size>
         <input_file_ref idref="fl-1"/>
      </object_component>
      <object_component id="oc-37">
         <name>.debug_pubtypes</name>
         <load_address>0x25c</load_address>
         <run_address>0x25c</run_address>
         <size>0xed</size>
         <input_file_ref idref="fl-1"/>
      </object_component>
      <object_component id="oc-ae">
         <name>.debug_pubtypes</name>
         <load_address>0x349</load_address>
         <run_address>0x349</run_address>
         <size>0x330</size>
         <input_file_ref idref="fl-1"/>
      </object_component>
      <object_component id="oc-76">
         <name>.debug_pubtypes</name>
         <load_address>0x679</load_address>
         <run_address>0x679</run_address>
         <size>0xaa</size>
         <input_file_ref idref="fl-1"/>
      </object_component>
   </object_component_list>
   <logical_group_list>
      <logical_group id="lg-3" display="no" color="cyan">
         <name>.intvecs</name>
         <load_address>0x0</load_address>
         <run_address>0x0</run_address>
         <size>0x26c</size>
         <contents>
            <object_component_ref idref="oc-12"/>
         </contents>
      </logical_group>
      <logical_group id="lg-4" display="no" color="cyan">
         <name>.text</name>
         <load_address>0x26c</load_address>
         <run_address>0x26c</run_address>
         <size>0xd2</size>
         <contents>
            <object_component_ref idref="oc-c3"/>
            <object_component_ref idref="oc-53"/>
            <object_component_ref idref="oc-27"/>
            <object_component_ref idref="oc-9b"/>
            <object_component_ref idref="oc-95"/>
            <object_component_ref idref="oc-ca"/>
         </contents>
      </logical_group>
      <logical_group id="lg-5" display="no" color="cyan">
         <name>.const</name>
         <run_address>0x0</run_address>
         <size>0x0</size>
         <contents>
         </contents>
      </logical_group>
      <logical_group id="lg-6" display="no" color="cyan">
         <name>.cinit</name>
         <run_address>0x0</run_address>
         <size>0x0</size>
         <contents>
         </contents>
      </logical_group>
      <logical_group id="lg-7" display="no" color="cyan">
         <name>.pinit</name>
         <run_address>0x0</run_address>
         <size>0x0</size>
         <contents>
         </contents>
      </logical_group>
      <logical_group id="lg-8" display="no" color="cyan">
         <name>.init_array</name>
         <run_address>0x0</run_address>
         <size>0x0</size>
         <contents>
         </contents>
      </logical_group>
      <logical_group id="lg-9" display="no" color="cyan">
         <name>.vtable</name>
         <run_address>0x0</run_address>
         <size>0x0</size>
         <contents>
         </contents>
      </logical_group>
      <logical_group id="lg-a" display="no" color="cyan">
         <name>.data</name>
         <run_address>0x0</run_address>
         <size>0x0</size>
         <contents>
         </contents>
      </logical_group>
      <logical_group id="lg-b" display="no" color="cyan">
         <name>.bss</name>
         <run_address>0x0</run_address>
         <size>0x0</size>
         <contents>
         </contents>
      </logical_group>
      <logical_group id="lg-c" display="no" color="cyan">
         <name>.sysmem</name>
         <run_address>0x0</run_address>
         <size>0x0</size>
         <contents>
         </contents>
      </logical_group>
      <logical_group id="lg-d" display="no" color="cyan">
         <name>.stack</name>
         <run_address>0x20000000</run_address>
         <size>0x200</size>
         <contents>
            <object_component_ref idref="oc-24"/>
            <object_component_ref idref="oc-186"/>
         </contents>
      </logical_group>
      <logical_group id="lg-15b" display="no" color="cyan">
         <name>.TI.noinit</name>
         <run_address>0x0</run_address>
         <size>0x0</size>
         <contents>
         </contents>
      </logical_group>
      <logical_group id="lg-15c" display="no" color="cyan">
         <name>.TI.persistent</name>
         <run_address>0x0</run_address>
         <size>0x0</size>
         <contents>
         </contents>
      </logical_group>
      <logical_group id="lg-15d" display="no" color="cyan">
         <name>__llvm_prf_cnts</name>
         <run_address>0x20000000</run_address>
         <size>0x0</size>
         <contents>
         </contents>
      </logical_group>
      <logical_group id="lg-16c" display="never" color="cyan">
         <name>.debug_info</name>
         <load_address>0x0</load_address>
         <run_address>0x0</run_address>
         <size>0x16af</size>
         <contents>
            <object_component_ref idref="oc-b2"/>
            <object_component_ref idref="oc-c4"/>
            <object_component_ref idref="oc-70"/>
            <object_component_ref idref="oc-36"/>
            <object_component_ref idref="oc-ad"/>
            <object_component_ref idref="oc-75"/>
            <object_component_ref idref="oc-9c"/>
            <object_component_ref idref="oc-2f"/>
            <object_component_ref idref="oc-13"/>
            <object_component_ref idref="oc-28"/>
            <object_component_ref idref="oc-25"/>
            <object_component_ref idref="oc-54"/>
            <object_component_ref idref="oc-96"/>
            <object_component_ref idref="oc-cb"/>
            <object_component_ref idref="oc-187"/>
         </contents>
      </logical_group>
      <logical_group id="lg-16e" display="never" color="cyan">
         <name>.debug_line</name>
         <load_address>0x0</load_address>
         <run_address>0x0</run_address>
         <size>0x461</size>
         <contents>
            <object_component_ref idref="oc-109"/>
            <object_component_ref idref="oc-c7"/>
            <object_component_ref idref="oc-73"/>
            <object_component_ref idref="oc-39"/>
            <object_component_ref idref="oc-b0"/>
            <object_component_ref idref="oc-78"/>
            <object_component_ref idref="oc-9f"/>
            <object_component_ref idref="oc-6f"/>
            <object_component_ref idref="oc-2e"/>
            <object_component_ref idref="oc-2b"/>
            <object_component_ref idref="oc-6c"/>
            <object_component_ref idref="oc-57"/>
            <object_component_ref idref="oc-99"/>
            <object_component_ref idref="oc-ce"/>
         </contents>
      </logical_group>
      <logical_group id="lg-170" display="never" color="cyan">
         <name>.debug_frame</name>
         <load_address>0x0</load_address>
         <run_address>0x0</run_address>
         <size>0x238</size>
         <contents>
            <object_component_ref idref="oc-c8"/>
            <object_component_ref idref="oc-a0"/>
            <object_component_ref idref="oc-2c"/>
            <object_component_ref idref="oc-58"/>
            <object_component_ref idref="oc-9a"/>
            <object_component_ref idref="oc-cf"/>
         </contents>
      </logical_group>
      <logical_group id="lg-172" display="never" color="cyan">
         <name>.debug_abbrev</name>
         <load_address>0x0</load_address>
         <run_address>0x0</run_address>
         <size>0x42a</size>
         <contents>
            <object_component_ref idref="oc-108"/>
            <object_component_ref idref="oc-10a"/>
            <object_component_ref idref="oc-72"/>
            <object_component_ref idref="oc-38"/>
            <object_component_ref idref="oc-af"/>
            <object_component_ref idref="oc-77"/>
            <object_component_ref idref="oc-c9"/>
            <object_component_ref idref="oc-6e"/>
            <object_component_ref idref="oc-2d"/>
            <object_component_ref idref="oc-6d"/>
            <object_component_ref idref="oc-6b"/>
            <object_component_ref idref="oc-a2"/>
            <object_component_ref idref="oc-c2"/>
            <object_component_ref idref="oc-10b"/>
            <object_component_ref idref="oc-188"/>
         </contents>
      </logical_group>
      <logical_group id="lg-174" display="never" color="cyan">
         <name>.debug_str</name>
         <load_address>0x0</load_address>
         <run_address>0x0</run_address>
         <size>0x870</size>
         <contents>
            <object_component_ref idref="oc-74"/>
            <object_component_ref idref="oc-3a"/>
            <object_component_ref idref="oc-b1"/>
            <object_component_ref idref="oc-79"/>
         </contents>
      </logical_group>
      <logical_group id="lg-176" display="never" color="cyan">
         <name>.debug_aranges</name>
         <load_address>0x0</load_address>
         <run_address>0x0</run_address>
         <size>0xd8</size>
         <contents>
            <object_component_ref idref="oc-c5"/>
            <object_component_ref idref="oc-9d"/>
            <object_component_ref idref="oc-29"/>
            <object_component_ref idref="oc-55"/>
            <object_component_ref idref="oc-97"/>
            <object_component_ref idref="oc-cc"/>
         </contents>
      </logical_group>
      <logical_group id="lg-178" display="never" color="cyan">
         <name>.debug_pubnames</name>
         <load_address>0x0</load_address>
         <run_address>0x0</run_address>
         <size>0x137</size>
         <contents>
            <object_component_ref idref="oc-c6"/>
            <object_component_ref idref="oc-9e"/>
            <object_component_ref idref="oc-14"/>
            <object_component_ref idref="oc-2a"/>
            <object_component_ref idref="oc-26"/>
            <object_component_ref idref="oc-56"/>
            <object_component_ref idref="oc-98"/>
            <object_component_ref idref="oc-cd"/>
         </contents>
      </logical_group>
      <logical_group id="lg-17a" display="never" color="cyan">
         <name>.debug_pubtypes</name>
         <load_address>0x0</load_address>
         <run_address>0x0</run_address>
         <size>0x723</size>
         <contents>
            <object_component_ref idref="oc-71"/>
            <object_component_ref idref="oc-37"/>
            <object_component_ref idref="oc-ae"/>
            <object_component_ref idref="oc-76"/>
         </contents>
      </logical_group>
      <logical_group id="lg-185" display="no" color="cyan">
         <name>Veneer$$CMSE</name>
         <run_address>0x0</run_address>
         <size>0x0</size>
         <contents>
         </contents>
      </logical_group>
      <load_segment id="lg-189" display="no" color="cyan">
         <name>SEGMENT_0</name>
         <load_address>0x0</load_address>
         <run_address>0x0</run_address>
         <size>0x33e</size>
         <flags>0x5</flags>
         <contents>
            <logical_group_ref idref="lg-3"/>
            <logical_group_ref idref="lg-4"/>
         </contents>
      </load_segment>
      <load_segment id="lg-18a" display="no" color="cyan">
         <name>SEGMENT_1</name>
         <run_address>0x20000000</run_address>
         <size>0x200</size>
         <flags>0x6</flags>
         <contents>
            <logical_group_ref idref="lg-d"/>
         </contents>
      </load_segment>
   </logical_group_list>
   <placement_map>
      <memory_area display="yes" color="green">
         <name>FLASH</name>
         <page_id>0x0</page_id>
         <origin>0x0</origin>
         <length>0x40000</length>
         <used_space>0x33e</used_space>
         <unused_space>0x3fcc2</unused_space>
         <attributes>RX</attributes>
         <usage_details>
            <allocated_space>
               <start_address>0x0</start_address>
               <size>0x26c</size>
               <logical_group_ref idref="lg-3"/>
            </allocated_space>
            <allocated_space>
               <start_address>0x26c</start_address>
               <size>0xd2</size>
               <logical_group_ref idref="lg-4"/>
            </allocated_space>
            <available_space>
               <start_address>0x33e</start_address>
               <size>0x3fcc2</size>
            </available_space>
         </usage_details>
      </memory_area>
      <memory_area display="yes" color="green">
         <name>SRAM</name>
         <page_id>0x0</page_id>
         <origin>0x20000000</origin>
         <length>0x8000</length>
         <used_space>0x200</used_space>
         <unused_space>0x7e00</unused_space>
         <attributes>RWX</attributes>
         <usage_details>
            <allocated_space>
               <start_address>0x20000000</start_address>
               <size>0x0</size>
               <logical_group_ref idref="lg-15d"/>
            </allocated_space>
            <allocated_space>
               <start_address>0x20000000</start_address>
               <size>0x200</size>
               <logical_group_ref idref="lg-d"/>
            </allocated_space>
            <available_space>
               <start_address>0x20000200</start_address>
               <size>0x7e00</size>
            </available_space>
         </usage_details>
      </memory_area>
   </placement_map>
   <symbol_table>
      <symbol id="sm-1">
         <name>__STACK_TOP</name>
         <value>0x20000200</value>
      </symbol>
      <symbol id="sm-2">
         <name>__start___llvm_prf_cnts</name>
         <value>0x20000000</value>
      </symbol>
      <symbol id="sm-3">
         <name>__stop___llvm_prf_cnts</name>
         <value>0x20000000</value>
      </symbol>
      <symbol id="sm-4">
         <name>binit</name>
         <value>0xffffffff</value>
      </symbol>
      <symbol id="sm-5">
         <name>__binit__</name>
         <value>0xffffffff</value>
      </symbol>
      <symbol id="sm-6">
         <name>__STACK_SIZE</name>
         <value>0x200</value>
      </symbol>
      <symbol id="sm-7">
         <name>__STACK_END</name>
         <value>0x20000200</value>
      </symbol>
      <symbol id="sm-8">
         <name>__c_args__</name>
         <value>0xffffffff</value>
      </symbol>
      <symbol id="sm-9">
         <name>__TI_pprof_out_hndl</name>
         <value>0xffffffff</value>
      </symbol>
      <symbol id="sm-a">
         <name>__TI_prof_data_start</name>
         <value>0xffffffff</value>
      </symbol>
      <symbol id="sm-b">
         <name>__TI_prof_data_size</name>
         <value>0xffffffff</value>
      </symbol>
      <symbol id="sm-c">
         <name>__TI_static_base__</name>
         <value>0x0</value>
      </symbol>
      <symbol id="sm-49">
         <name>PLL_Init</name>
         <value>0x26d</value>
         <object_component_ref idref="oc-c3"/>
      </symbol>
      <symbol id="sm-54">
         <name>main</name>
         <value>0x32d</value>
         <object_component_ref idref="oc-9b"/>
      </symbol>
      <symbol id="sm-70">
         <name>ResetISR</name>
         <value>0x321</value>
         <object_component_ref idref="oc-27"/>
      </symbol>
      <symbol id="sm-71">
         <name>g_pfnVectors</name>
         <value>0x0</value>
         <object_component_ref idref="oc-12"/>
      </symbol>
      <symbol id="sm-87">
         <name>_c_int00_noinit_noargs</name>
         <value>0x2f5</value>
         <object_component_ref idref="oc-53"/>
      </symbol>
      <symbol id="sm-88">
         <name>__stack</name>
         <value>0x20000000</value>
         <object_component_ref idref="oc-24"/>
      </symbol>
      <symbol id="sm-95">
         <name>_system_pre_init</name>
         <value>0x337</value>
         <object_component_ref idref="oc-95"/>
      </symbol>
      <symbol id="sm-a1">
         <name>C$$EXIT</name>
         <value>0x33b</value>
         <object_component_ref idref="oc-ca"/>
      </symbol>
      <symbol id="sm-a2">
         <name>abort</name>
         <value>0x33b</value>
         <object_component_ref idref="oc-ca"/>
      </symbol>
      <symbol id="sm-a5">
         <name>__mpu_init</name>
         <value>0x0</value>
      </symbol>
   </symbol_table>
   <title>Link successful</title>
</link_info>
